step,mloss,gloss,loss
100.0,2.4201,1.056,3.4761
200.0,1.9384,0.9943,2.9326999999999996
300.0,1.7061,0.951,2.6571
400.0,1.5535,0.8407,2.3942
500.0,1.4724,0.7167,2.1891
600.0,1.3961,0.6115,2.0076
700.0,1.3382,0.5598,1.8980000000000001
800.0,1.3276,0.551,1.8786
900.0,1.3063,0.5212,1.8275000000000001
1000.0,1.2842,0.501,1.7852000000000001
1100.0,1.2469,0.4758,1.7227
1200.0,1.2648,0.4679,1.7327
1300.0,1.21,0.4625,1.6724999999999999
1400.0,1.2229,0.4574,1.6803000000000001
1500.0,1.1908,0.4521,1.6429
1600.0,1.1943,0.4393,1.6336
1700.0,1.1976,0.4356,1.6332
1800.0,1.1786,0.4405,1.6191
1900.0,1.1896,0.426,1.6156
2000.0,1.1754,0.4223,1.5977000000000001
2100.0,1.1681,0.4198,1.5878999999999999
2200.0,1.1523,0.4042,1.5565000000000002
2300.0,1.1557,0.4038,1.5594999999999999
2400.0,1.1396,0.3949,1.5345
2500.0,1.1445,0.3986,1.5431000000000001
2600.0,1.149,0.3925,1.5415
2700.0,1.1312,0.3897,1.5209
2800.0,1.1348,0.3858,1.5206
2900.0,1.1292,0.3879,1.5171000000000001
3000.0,1.1216,0.3809,1.5025
3100.0,1.1192,0.3827,1.5019
3200.0,1.1091,0.3732,1.4823
3300.0,1.1237,0.3709,1.4946
3400.0,1.1298,0.362,1.4918
3500.0,1.1017,0.3701,1.4718
3600.0,1.1101,0.369,1.4791
3700.0,1.1123,0.3606,1.4729
3800.0,1.1084,0.3505,1.4589
3900.0,1.0928,0.3556,1.4484
4000.0,1.0889,0.3541,1.443
4100.0,1.0806,0.3508,1.4314
4200.0,1.0832,0.353,1.4362
4300.0,1.0948,0.3474,1.4422
4400.0,1.0891,0.3491,1.4382
4500.0,1.0899,0.3458,1.4357000000000002
4600.0,1.0943,0.3443,1.4386
4700.0,1.0951,0.3372,1.4323
4800.0,1.0786,0.3387,1.4173
4900.0,1.0737,0.3401,1.4138000000000002
5000.0,1.0564,0.3347,1.3911
5100.0,1.0846,0.3317,1.4163000000000001
5200.0,1.0632,0.3257,1.3889
5300.0,1.0637,0.3301,1.3938000000000001
5400.0,1.0648,0.3276,1.3923999999999999
5500.0,1.076,0.309,1.385
5600.0,1.0861,0.3238,1.4099
5700.0,1.0944,0.3229,1.4173
5800.0,1.0805,0.3243,1.4048
5900.0,1.073,0.3158,1.3888
6000.0,1.0841,0.3174,1.4015
6100.0,1.0674,0.3116,1.379
6200.0,1.0638,0.3087,1.3725
6300.0,1.0515,0.3041,1.3556000000000001
6400.0,1.0613,0.305,1.3662999999999998
6500.0,1.0459,0.3126,1.3585
6600.0,1.0495,0.3121,1.3616000000000001
6700.0,1.05,0.3054,1.3554
6800.0,1.0594,0.309,1.3683999999999998
6900.0,1.0391,0.3087,1.3477999999999999
7000.0,1.0621,0.3027,1.3648
7100.0,1.0532,0.31,1.3632
7200.0,1.0648,0.3005,1.3653
7300.0,1.0537,0.2983,1.352
7400.0,1.0637,0.2951,1.3588
7500.0,1.0306,0.2902,1.3208
7600.0,1.0495,0.2939,1.3434000000000001
7700.0,1.0569,0.2944,1.3513
7800.0,1.0563,0.2854,1.3417
7900.0,1.036,0.297,1.333
8000.0,1.0405,0.2902,1.3307
8100.0,1.0327,0.294,1.3267
8200.0,1.0392,0.2946,1.3337999999999999
8300.0,1.0573,0.2934,1.3506999999999998
8400.0,1.0458,0.2933,1.3391000000000002
8500.0,1.0343,0.2959,1.3302
8600.0,1.0342,0.2862,1.3204
8700.0,1.0368,0.2901,1.3269
8800.0,1.0422,0.2857,1.3279
8900.0,1.0498,0.2791,1.3289
9000.0,1.0419,0.2801,1.322
9100.0,1.0339,0.29,1.3239
9200.0,1.0477,0.289,1.3367
9300.0,1.0329,0.2832,1.3161
9400.0,1.0368,0.2859,1.3227
9500.0,1.0358,0.2847,1.3205
9600.0,1.0373,0.2748,1.3121
9700.0,1.0355,0.2813,1.3168000000000002
9800.0,1.0281,0.2817,1.3098
9900.0,1.0338,0.2892,1.323
10000.0,1.0364,0.2839,1.3203
10100.0,1.034,0.2704,1.3044
10200.0,1.0279,0.2751,1.303
10300.0,1.0161,0.2705,1.2866
10400.0,1.0245,0.2753,1.2997999999999998
10500.0,1.0213,0.2668,1.2881
10600.0,1.0314,0.2758,1.3072000000000001
10700.0,1.0244,0.274,1.2984
10800.0,1.0329,0.2705,1.3034
10900.0,1.0049,0.2702,1.2751
11000.0,1.0207,0.2761,1.2968
11100.0,1.0246,0.2717,1.2963
11200.0,1.0011,0.2716,1.2727000000000002
11300.0,0.9998,0.2594,1.2592
11400.0,1.0268,0.2653,1.2921
11500.0,1.0231,0.269,1.2921
11600.0,1.0131,0.2676,1.2807
11700.0,1.0166,0.2672,1.2837999999999998
11800.0,1.0182,0.2619,1.2801
11900.0,0.9941,0.2634,1.2575
12000.0,1.0222,0.2628,1.285
12100.0,1.0277,0.2625,1.2902
12200.0,1.0151,0.2614,1.2765
12300.0,1.0407,0.2636,1.3043
12400.0,1.0245,0.2688,1.2933
12500.0,1.0084,0.262,1.2704
12600.0,1.0093,0.2607,1.27
12700.0,1.0171,0.2637,1.2808
12800.0,1.0152,0.2512,1.2664
12900.0,1.014,0.2649,1.2789000000000001
13000.0,1.015,0.2629,1.2778999999999998
13100.0,1.0178,0.2614,1.2792000000000001
13200.0,1.0081,0.2588,1.2669
13300.0,1.029,0.2579,1.2869
13400.0,1.017,0.2478,1.2648
13500.0,0.9904,0.2635,1.2539
13600.0,1.0244,0.2503,1.2747
13700.0,1.0161,0.2534,1.2695
13800.0,1.0072,0.2577,1.2649000000000001
13900.0,0.9976,0.2508,1.2484000000000002
14000.0,1.0058,0.2498,1.2556
14100.0,1.0001,0.2554,1.2555
14200.0,1.0003,0.2599,1.2602
14300.0,0.993,0.2514,1.2444
14400.0,1.0047,0.2538,1.2585
14500.0,1.0056,0.2489,1.2545000000000002
14600.0,1.0079,0.2575,1.2654
14700.0,1.0095,0.243,1.2525
14800.0,1.0066,0.2519,1.2585
14900.0,1.0139,0.2538,1.2677
15000.0,1.01,0.2517,1.2617
15100.0,1.0092,0.2477,1.2569000000000001
15200.0,1.0054,0.245,1.2504
15300.0,1.0096,0.2498,1.2594
15400.0,1.0049,0.2447,1.2495999999999998
15500.0,1.0043,0.25,1.2543
15600.0,1.0018,0.2479,1.2497
15700.0,0.992,0.2438,1.2358
15800.0,0.9997,0.2406,1.2403
15900.0,1.0025,0.2485,1.251
16000.0,0.9967,0.2451,1.2418
16100.0,0.9958,0.2435,1.2393
16200.0,1.0027,0.2496,1.2523
16300.0,0.9958,0.2438,1.2396
16400.0,0.9989,0.2381,1.237
16500.0,1.0104,0.2496,1.26
16600.0,0.9948,0.2428,1.2376
16700.0,1.0009,0.2368,1.2376999999999998
16800.0,1.0053,0.2365,1.2418
16900.0,0.9962,0.2443,1.2405
17000.0,1.0088,0.2363,1.2450999999999999
17100.0,1.0051,0.2426,1.2477
17200.0,0.9954,0.2352,1.2306
17300.0,0.9978,0.2441,1.2419
17400.0,0.9981,0.2434,1.2415
17500.0,0.9842,0.2356,1.2198
17600.0,0.9948,0.2424,1.2372
17700.0,1.0028,0.2318,1.2346
17800.0,0.9883,0.2344,1.2227
17900.0,0.9996,0.2399,1.2395
18000.0,0.9975,0.2455,1.243
18100.0,0.9953,0.2347,1.23
18200.0,1.0011,0.2386,1.2397
18300.0,0.9928,0.2326,1.2254
18400.0,0.989,0.2341,1.2231
18500.0,0.9808,0.2336,1.2144
18600.0,0.9869,0.2371,1.224
18700.0,0.9957,0.2312,1.2269
18800.0,0.9838,0.2385,1.2223
18900.0,0.9952,0.2423,1.2375
19000.0,0.9861,0.2377,1.2238
19100.0,0.9857,0.2345,1.2202
19200.0,1.0112,0.2277,1.2389000000000001
19300.0,1.0113,0.2356,1.2469000000000001
19400.0,0.984,0.2289,1.2128999999999999
19500.0,0.9891,0.2288,1.2179
19600.0,1.0017,0.2311,1.2328000000000001
19700.0,0.99,0.2319,1.2219
19800.0,1.0024,0.2356,1.238
19900.0,0.9763,0.2297,1.206
20000.0,0.9853,0.2352,1.2205
20100.0,0.9887,0.2319,1.2206000000000001
20200.0,1.0047,0.2382,1.2429
20300.0,0.9954,0.2352,1.2306
20400.0,0.9842,0.2348,1.2189999999999999
20500.0,0.9892,0.2303,1.2195
20600.0,0.989,0.2268,1.2158
20700.0,0.9824,0.2296,1.212
20800.0,0.9869,0.226,1.2129
20900.0,0.9877,0.2321,1.2198
21000.0,1.0075,0.2256,1.2331
21100.0,0.9943,0.2233,1.2176
21200.0,0.9759,0.2333,1.2092
21300.0,0.9846,0.2287,1.2133
21400.0,0.992,0.2237,1.2157
21500.0,0.963,0.2262,1.1892
21600.0,1.0054,0.2242,1.2296
21700.0,0.989,0.2365,1.2255
21800.0,0.9873,0.2263,1.2136
21900.0,0.991,0.2309,1.2219
22000.0,1.0053,0.2199,1.2252
22100.0,0.9921,0.2316,1.2237
22200.0,0.9604,0.227,1.1874
22300.0,0.9767,0.2238,1.2005
22400.0,0.9829,0.2276,1.2105
22500.0,0.9867,0.2275,1.2142
22600.0,0.9747,0.2225,1.1972
22700.0,1.0,0.2258,1.2258
22800.0,0.9688,0.2251,1.1939
22900.0,1.0037,0.2196,1.2233
23000.0,0.9649,0.2197,1.1846
23100.0,0.9909,0.227,1.2179
23200.0,0.9878,0.2234,1.2112
23300.0,0.9811,0.2203,1.2014
23400.0,0.9813,0.2192,1.2005
23500.0,0.9886,0.2145,1.2031
23600.0,0.981,0.2193,1.2003
23700.0,0.9723,0.2134,1.1857
23800.0,0.9742,0.2164,1.1905999999999999
23900.0,0.9756,0.2201,1.1957
24000.0,0.9907,0.2234,1.2141
24100.0,0.9777,0.215,1.1927
24200.0,0.9727,0.2261,1.1988
24300.0,0.9727,0.2244,1.1971
24400.0,0.9946,0.2261,1.2207000000000001
24500.0,0.9817,0.2217,1.2034
24600.0,0.9721,0.2201,1.1922
24700.0,0.9864,0.2203,1.2067
24800.0,0.9578,0.2111,1.1689
24900.0,0.9964,0.2215,1.2179
25000.0,0.9913,0.22,1.2113
25100.0,0.997,0.2172,1.2142
25200.0,0.9904,0.2222,1.2126
25300.0,0.9911,0.2211,1.2122
25400.0,0.9628,0.2162,1.179
25500.0,0.9692,0.2118,1.181
25600.0,0.9846,0.2138,1.1984
25700.0,0.9879,0.2131,1.201
25800.0,0.9676,0.2135,1.1811
25900.0,0.9576,0.2106,1.1682000000000001
26000.0,0.9917,0.2154,1.2071
26100.0,0.9613,0.2161,1.1774
26200.0,0.9865,0.2124,1.1989
26300.0,0.9794,0.2136,1.193
26400.0,0.9637,0.2107,1.1743999999999999
26500.0,0.9721,0.2139,1.186
26600.0,0.9775,0.2135,1.191
26700.0,0.9742,0.2118,1.186
26800.0,0.9781,0.2154,1.1935
26900.0,0.9902,0.2122,1.2024
27000.0,0.9901,0.2184,1.2085
27100.0,0.9781,0.2103,1.1884
27200.0,0.9548,0.2125,1.1673
27300.0,0.9751,0.209,1.1841
27400.0,0.9765,0.21,1.1865
27500.0,0.9774,0.2139,1.1913
27600.0,0.9691,0.2197,1.1888
27700.0,0.9628,0.2098,1.1726
27800.0,0.9948,0.2143,1.2091
27900.0,0.965,0.2113,1.1763
28000.0,0.979,0.2062,1.1852
28100.0,0.9747,0.2069,1.1816
28200.0,0.9618,0.2114,1.1732
28300.0,0.9667,0.2126,1.1793
28400.0,0.9607,0.2131,1.1738
28500.0,0.9716,0.2113,1.1829
28600.0,0.9819,0.2092,1.1911
28700.0,0.9744,0.2076,1.182
28800.0,0.9699,0.208,1.1779
28900.0,0.9508,0.2089,1.1597
29000.0,0.9834,0.2138,1.1972
29100.0,0.9681,0.2081,1.1762
29200.0,0.9424,0.2014,1.1438
29300.0,0.9614,0.2123,1.1737
29400.0,0.9692,0.2028,1.172
29500.0,0.9779,0.211,1.1889
29600.0,0.9572,0.2061,1.1633
29700.0,0.9798,0.2102,1.19
29800.0,0.9568,0.2112,1.168
29900.0,0.9733,0.2053,1.1786
30000.0,0.9858,0.2087,1.1945000000000001
30100.0,0.9701,0.2016,1.1717
30200.0,0.9688,0.2049,1.1737
30300.0,0.9661,0.2034,1.1695
30400.0,0.9673,0.1986,1.1659000000000002
30500.0,0.9629,0.2055,1.1683999999999999
30600.0,0.9761,0.2053,1.1814
30700.0,0.9524,0.1977,1.1501000000000001
30800.0,0.9689,0.2038,1.1727
30900.0,0.9687,0.209,1.1777
31000.0,0.973,0.205,1.178
31100.0,0.9706,0.2004,1.171
31200.0,0.9633,0.2052,1.1685
31300.0,0.9341,0.201,1.1351
31400.0,0.977,0.1947,1.1717
31500.0,0.9642,0.1982,1.1623999999999999
31600.0,0.9743,0.1976,1.1719
31700.0,0.9529,0.2023,1.1552
31800.0,0.9527,0.1976,1.1503
31900.0,0.9635,0.1977,1.1612
32000.0,0.9553,0.1935,1.1488
32100.0,0.9663,0.2008,1.1671
32200.0,0.9845,0.1993,1.1838
32300.0,0.9498,0.1999,1.1497
32400.0,0.9597,0.1991,1.1588
32500.0,0.9735,0.194,1.1675
32600.0,0.9554,0.2059,1.1613
32700.0,0.955,0.1983,1.1533
32800.0,0.9769,0.1998,1.1767
32900.0,0.9651,0.1904,1.1555
33000.0,0.9675,0.2031,1.1706
33100.0,0.9642,0.2033,1.1675
33200.0,0.9577,0.1963,1.154
33300.0,0.9614,0.1963,1.1577
33400.0,0.9726,0.1995,1.1721
33500.0,0.9582,0.2023,1.1605
33600.0,0.9545,0.1886,1.1431
33700.0,0.9715,0.1941,1.1656
33800.0,0.9597,0.2015,1.1612
33900.0,0.9551,0.189,1.1441
34000.0,0.9585,0.2004,1.1589
34100.0,0.9445,0.195,1.1395
34200.0,0.979,0.2014,1.1804
34300.0,0.9696,0.1901,1.1597
34400.0,0.9469,0.1918,1.1387
34500.0,0.9646,0.1944,1.159
34600.0,0.9634,0.1931,1.1565
34700.0,0.9578,0.1947,1.1525
34800.0,0.9644,0.2024,1.1668
34900.0,0.9606,0.1976,1.1582
35000.0,0.96,0.1887,1.1487
35100.0,0.9621,0.1939,1.156
35200.0,0.9659,0.1903,1.1562
35300.0,0.958,0.1938,1.1518
35400.0,0.9602,0.1938,1.1540000000000001
35500.0,0.9586,0.1909,1.1495
35600.0,0.9533,0.1919,1.1452
35700.0,0.949,0.2007,1.1497
35800.0,0.9499,0.1961,1.146
35900.0,0.9682,0.1891,1.1573
36000.0,0.9344,0.1896,1.124
36100.0,0.9388,0.1918,1.1306
36200.0,0.9589,0.1912,1.1501
36300.0,0.958,0.1916,1.1496
36400.0,0.9735,0.1912,1.1647
36500.0,0.956,0.1894,1.1454
36600.0,0.9546,0.1961,1.1507
36700.0,0.9668,0.1894,1.1562000000000001
36800.0,0.9471,0.1861,1.1332
36900.0,0.9554,0.1891,1.1445
37000.0,0.9568,0.1957,1.1525
37100.0,0.9426,0.1874,1.13
37200.0,0.9657,0.1895,1.1552
37300.0,0.9496,0.1898,1.1394
37400.0,0.9709,0.1979,1.1688
37500.0,0.9605,0.1951,1.1556
37600.0,0.9571,0.1867,1.1438
37700.0,0.97,0.1858,1.1558
37800.0,0.948,0.1871,1.1351
37900.0,0.9508,0.1878,1.1386
38000.0,0.9502,0.1892,1.1394
38100.0,0.9645,0.1924,1.1569
38200.0,0.9584,0.1859,1.1443
38300.0,0.9564,0.1939,1.1503
38400.0,0.9476,0.1903,1.1379
38500.0,0.9511,0.1793,1.1303999999999998
38600.0,0.9596,0.1816,1.1412
38700.0,0.938,0.1757,1.1137
38800.0,0.9644,0.1874,1.1518000000000002
38900.0,0.9513,0.1841,1.1354
39000.0,0.9513,0.1845,1.1358000000000001
39100.0,0.9633,0.1886,1.1519
39200.0,0.9641,0.1947,1.1588
39300.0,0.9563,0.1891,1.1454
39400.0,0.9486,0.1849,1.1335
39500.0,0.96,0.1843,1.1442999999999999
39600.0,0.9724,0.1886,1.161
39700.0,0.9463,0.1804,1.1267
39800.0,0.9592,0.1848,1.1440000000000001
39900.0,0.9651,0.1829,1.148
40000.0,0.9577,0.1821,1.1398
